A=1,B=0;OSPGWNTDENOROESATREUFROHDCOETATSRUYHFCDOHYINSTIELCLSCEIHTAECTOALAATOSSMBBLEHNINYISRTOCOGDAHITWOEIHTR
A=11,B=1;NLGRJUEMFUNSNFLHESFXYSNKMTNFEHELSXVKYTMNKVDULEDFITILTFDKEHFTENHIHHENLLBAAIFKUDUVDLSENTNRMHKDEJNFDKES
A=25,B=21;HDGPZICSRIHEHRDVCERBQEHOSTHRCVCDEBXOQTSHOXNIDCNRKTKDTRNOCVRTCHVKVVCHDDJUUKROINIXNDECHTHPSVONCZHRNOCE
A=15,B=18;YAFUCRHZGRYTYGAEHTGONTYBZSYGHEHATOQBNSZYBQIRAHIGDSDASGIBHEGSHYEDEEHYAAKLLDGBRIRQIATHYSYUZEBIHCYGIBHT
A=25,B=6;SORAKTNDCTSPSCOGNPCMBPSZDESCNGNOPMIZBEDSZIYTONYCVEVOECYZNGCENSGVGGNSOOUFFVCZTYTIYOPNSESADGZYNKSCYZNP
A=17,B=13;XLUVZAIEBAXOXBLNIOBFYOXSEHXBINILOFTSYHEXSTPALIPBGHGLHBPSINBHIXNGNNIXLLDKKGBSAPATPLOIXHXVENSPIZXBPSIO
A=17,B=24;ESBCGHPLIHEVEISUPVIMFVEZLOEIPUPSVMAZFOLEZAWHSPWINONSOIWZPUIOPEUNUUPESSKRRNIZHWHAWSVPEOECLUZWPGEIWZPV
A=25,B=11;XTWFPYSIHYXUXHTLSUHRGUXEIJXHSLSTURNEGJIXENDYTSDHAJATJHDESLHJSXLALLSXTTZKKAHEYDYNDTUSXJXFILEDSPXHDESU
A=17,B=3;THQRVWEAXWTKTXHJEKXBUKTOADTXEJEHKBPOUDATOPLWHELXCDCHDXLOEJXDETJCJJETHHZGGCXOWLWPLHKETDTRAJOLEVTXLOEK
A=19,B=16;EWPUOTHNYTELEYWGHLYSJLEFNCEYHGHWLSKFJCNEFKQTWHQYXCXWCYQFHGYCHEGXGGHEWWIRRXYFTQTKQWLHECEUNGFQHOEYQFHL
A=23,B=19;TJKNZCAOFCTSTFJPASFRWSTEOXTFAPAJSRHEWXOTEHVCJAVFUXUJXFVEAPFXATPUPPATJJLGGUFECVCHVJSATXTNOPEVAZTFVEAS
A=25,B=0;MILUENHXWNMJMWIAHJWGVJMTXYMWHAHIJGCTVYXMTCSNIHSWPYPIYWSTHAWYHMAPAAHMIIOZZPWTNSNCSIJHMYMUXATSHEMWSTHJ
A=3,B=21;PZYVJGIUDGPQPDZTIQDRMQPEULPDITIZQRBEMLUPEBNGZINDOLOZLDNEITDLIPTOTTIPZZXCCODEGNGBNZQIPLPVUTENIJPDNEIQ
A=5,B=4;CIXQOHDFAHCNCAIUDNAYVNCLFKCADUDINYELVKFCLEGHIDGARKRIKAGLDUAKDCURUUDCIIMPPRALHGHEGINDCKCQFULGDOCAGLDN
A=17,B=8;IWFGKLTPMLIZIMWYTZMQJZIDPSIMTYTWZQEDJSPIDEALWTAMRSRWSMADTYMSTIYRYYTIWWOVVRMDLALEAWZTISIGPYDATKIMADTZ
A=17,B=15;DRABFGOKHGDUDHRTOUHLEUDYKNDHOTORULZYENKDYZVGROVHMNMRNHVYOTHNODTMTTODRRJQQMHYGVGZVRUODNDBKTYVOFDHVYOU
A=1,B=11;DHEVLCISTCDGDTHPIGTJUGDWSRDTIPIHGJNWURSDWNXCHIXTARAHRTXWIPTRIDPAPPIDHHBQQATWCXCNXHGIDRDVSPWXILDTXWIG
A=3,B=2;EONKYVXJSVEFESOIXFSGBFETJAESXIXOFGQTBAJETQCVOXCSDADOASCTXISAXEIDIIXEOOMRRDSTVCVQCOFXEAEKJITCXYESCTXF
A=17,B=14;AOXYCDLHEDARAEOQLREIBRAVHKAELQLORIWVBKHAVWSDOLSEJKJOKESVLQEKLAQJQQLAOOGNNJEVDSDWSORLAKAYHQVSLCAESVLR
A=5,B=20;EKZSQJFHCJEPECKWFPCAXPENHMECFWFKPAGNXMHENGIJKFICTMTKMCINFWCMFEWTWWFEKKORRTCNJIJGIKPFEMESHWNIFQECINFP
A=21,B=5;TNYFHOSQVOTITVNBSIVXAITKQLTVSBSNIXRKALQTKRPONSPVELENLVPKSBVLSTBEBBSTNNJGGEVKOPORPNISTLTFQBKPSHTVPKSI
A=7,B=4;UCJEKFRLAFUNUACSRNAGPNUTLWUARSRCNGOTPWLUTOIFCRIABWBCWAITRSAWRUSBSSRUCCQHHBATFIFOICNRUWUELSTIRKUAITRN
A=5,B=19;ZFUNLEACXEZKZXFRAKXVSKZICHZXARAFKVBISHCZIBDEFADXOHOFHXDIARXHAZRORRAZFFJMMOXIEDEBDFKAZHZNCRIDALZXDIAK
A=23,B=3;FVWZLOMAROFEFRVBMERDIEFQAJFRMBMVEDTQIJAFQTHOVMHRGJGVJRHQMBRJMFBGBBMFVVXSSGRQOHOTHVEMFJFZABQHMLFRHQME
A=5,B=1;NTIBZSOQLSNYNLTFOYLJGYNWQVNLOFOTYJPWGVQNWPRSTORLCVCTVLRWOFLVONFCFFONTTXAACLWSRSPRTYONVNBQFWROZNLRWOY
A=23,B=5;XNORDGESJGXWXJNTEWJVAWXISBXJETENWVLIABSXILZGNEZJYBYNBJZIETJBEXTYTTEXNNPKKYJIGZGLZNWEXBXRSTIZEDXJZIEW
A=9,B=4;EQHGCBTXABENEAQOTNAWDNEJXUEATOTQNWIJDUXEJIMBQTMAVUVQUAMJTOAUTEOVOOTEQQYRRVAJBMBIMQNTEUEGXOJMTCEAMJTN
A=7,B=15;LTAVBWICRWLELRTJIERXGELKCNLRIJITEXFKGNCLKFZWTIZRSNSTNRZKIJRNILJSJJILTTHYYSRKWZWFZTEILNLVCJKZIBLRZKIE
A=9,B=8;SEVUQPHLOPSBSOECHBOKRBSXLISOHCHEBKWXRILSXWAPEHAOJIJEIOAXHCOIHSCJCCHSEEMFFJOXPAPWAEBHSISULCXAHQSOAXHB
A=19,B=2;CUNSMRFLWRCJCWUEFJWQHJCDLACWFEFUJQIDHALCDIORUFOWVAVUAWODFEWAFCEVEEFCUUGPPVWDRORIOUJFCACSLEDOFMCWODFJ
A=1,B=15;ZDARHYEOPYZCZPDLECPFQCZSONZPELEDCFJSQNOZSJTYDETPWNWDNPTSELPNEZLWLLEZDDXMMWPSYTYJTDCEZNZROLSTEHZPTSEC
A=9,B=24;WIZYUTLPSTWFWSIGLFSOVFWBPMWSLGLIFOABVMPWBAETILESNMNIMSEBLGSMLWGNGGLWIIQJJNSBTETAEIFLWMWYPGBELUWSEBLF
A=21,B=20;WQBIKRVTYRWLWYQEVLYADLWNTOWYVEVQLAUNDOTWNUSRQVSYHOHQOYSNVEYOVWEHEEVWQQMJJHYNRSRUSQLVWOWITENSVKWYSNVL
A=25,B=22;IEHQAJDTSJIFISEWDFSCRFIPTUISDWDEFCYPRUTIPYOJEDOSLULEUSOPDWSUDIWLWWDIEEKVVLSPJOJYOEFDIUIQTWPODAISOPDF
A=3,B=9;TDCZNKMYHKTUTHDXMUHVQUTIYPTHMXMDUVFIQPYTIFRKDMRHSPSDPHRIMXHPMTXSXXMTDDBGGSHIKRKFRDUMTPTZYXIRMNTHRIMU
A=15,B=5;LNSHPEUMTELGLTNRUGTBAGLOMFLTURUNGBDOAFMLODVENUVTQFQNFTVOURTFULRQRRULNNXYYQTOEVEDVNGULFLHMROVUPLTVOUG
A=9,B=7;VHYXTSKORSVEVRHFKERNUEVAOLVRKFKHENZAULOVAZDSHKDRMLMHLRDAKFRLKVFMFFKVHHPIIMRASDSZDHEKVLVXOFADKTVRDAKE
A=7,B=17;HPWRXSEYNSHAHNPFEANTCAHGYJHNEFEPATBGCJYHGBVSPEVNOJOPJNVGEFNJEHFOFFEHPPDUUONGSVSBVPAEHJHRYFGVEXHNVGEA
A=19,B=6;KCVAUZNTEZKRKECMNREYPRKLTIKENMNCRYQLPITKLQWZCNWEDIDCIEWLNMEINKMDMMNKCCOXXDELZWZQWCRNKIKATMLWNUKEWLNR
A=9,B=18;OARQMLDHKLOXOKAYDXKGNXOTHEOKDYDAXGSTNEHOTSWLADWKFEFAEKWTDYKEDOYFYYDOAAIBBFKTLWLSWAXDOEOQHYTWDMOKWTDX
A=7,B=24;GOVQWRDXMRGZGMOEDZMSBZGFXIGMDEDOZSAFBIXGFAURODUMNINOIMUFDEMIDGENEEDGOOCTTNMFRURAUOZDGIGQXEFUDWGMUFDZ
A=15,B=3;ZBGVDSIAHSZUZHBFIUHPOUZCATZHIFIBUPRCOTAZCRJSBIJHETEBTHJCIFHTIZFEFFIZBBLMMEHCSJSRJBUIZTZVAFCJIDZHJCIU
A=21,B=0;SMXEGNRPUNSHSUMARHUWZHSJPKSURARMHWQJZKPSJQONMROUDKDMKUOJRAUKRSADAARSMMIFFDUJNONQOMHRSKSEPAJORGSUOJRH
A=3,B=14;AKJGURTFORABAOKETBOCXBAPFWAOTETKBCMPXWFAPMYRKTYOZWZKWOYPTEOWTAEZEETAKKINNZOPRYRMYKBTAWAGFEPYTUAOYPTB
A=3,B=6;UEDAOLNZILUVUIEYNVIWRVUJZQUINYNEVWGJRQZUJGSLENSITQTEQISJNYIQNUYTYYNUEECHHTIJLSLGSEVNUQUAZYJSNOUISJNV
A=19,B=21;BTMRLQEKVQBIBVTDEIVPGIBCKZBVEDETIPHCGZKBCHNQTENVUZUTZVNCEDVZEBDUDDEBTTFOOUVCQNQHNTIEBZBRKDCNELBVNCEI
A=23,B=16;SIJMYBZNEBSRSEIOZREQVRSDNWSEZOZIRQGDVWNSDGUBIZUETWTIWEUDZOEWZSOTOOZSIIKFFTEDBUBGUIRZSWSMNODUZYSEUDZR
A=15,B=24;IKPEMBRJQBIDIQKORDQYXDILJCIQRORKDYALXCJILASBKRSQNCNKCQSLROQCRIONOORIKKUVVNQLBSBASKDRICIEJOLSRMIQSLRD
A=9,B=19;LXONJIAEHILULHXVAUHDKULQEBLHAVAXUDPQKBELQPTIXATHCBCXBHTQAVHBALVCVVALXXFYYCHQITIPTXUALBLNEVQTAJLHTQAU
A=23,B=6;GWXAMPNBSPGFGSWCNFSEJFGRBKGSNCNWFEURJKBGRUIPWNISHKHWKSIRNCSKNGCHCCNGWWYTTHSRPIPUIWFNGKGABCRINMGSIRNF
A=15,B=20;KMRGODTLSDKFKSMQTFSAZFKNLEKSTQTMFACNZELKNCUDMTUSPEPMESUNTQSETKQPQQTKMMWXXPSNDUDCUMFTKEKGLQNUTOKSUNTF
A=11,B=12;MKFQITDLETMRMEKGDREWXRMJLSMEDGDKRWUJXSLMJUCTKDCEHSHKSECJDGESDMGHGGDMKKAZZHEJTCTUCKRDMSMQLGJCDIMECJDR
A=3,B=1;NXWTHEGSBENONBXRGOBPKONCSJNBGRGXOPZCKJSNCZLEXGLBMJMXJBLCGRBJGNRMRRGNXXVAAMBCELEZLXOGNJNTSRCLGHNBLCGO
A=25,B=19;FBENXGAQPGFCFPBTACPZOCFMQRFPATABCZVMORQFMVLGBALPIRIBRPLMATPRAFTITTAFBBHSSIPMGLGVLBCAFRFNQTMLAXFPLMAC
A=11,B=6;WUPASDNVODWBWOUQNBOGHBWTVCWONQNUBGETHCVWTEMDUNMORCRUCOMTNQOCNWQRQQNWUUKJJROTDMDEMUBNWCWAVQTMNSWOMTNB
A=23,B=0;EUVYKNLZQNEDEQUALDQCHDEPZIEQLALUDCSPHIZEPSGNULGQFIFUIQGPLAQILEAFAALEUUWRRFQPNGNSGUDLEIEYZAPGLKEQGPLD
A=11,B=2;USNYQBLTMBUZUMSOLZMEFZURTAUMLOLSZECRFATURCKBSLKMPAPSAMKRLOMALUOPOOLUSSIHHPMRBKBCKSZLUAUYTORKLQUMKRLZ
A=9,B=17;RDUTPOGKNORARNDBGANJQARWKHRNGBGDAJVWQHKRWVZODGZNIHIDHNZWGBNHGRBIBBGRDDLEEINWOZOVZDAGRHRTKBWZGPRNZWGA
A=19,B=13;LDWBVAOUFALSLFDNOSFZQSLMUJLFONODSZRMQJULMRXADOXFEJEDJFXMONFJOLNENNOLDDPYYEFMAXARXDSOLJLBUNMXOVLFXMOS
A=5,B=25;DJYRPIEGBIDODBJVEOBZWODMGLDBEVEJOZFMWLGDMFHIJEHBSLSJLBHMEVBLEDVSVVEDJJNQQSBMIHIFHJOEDLDRGVMHEPDBHMEO
A=19,B=10;SKDICHVBMHSZSMKUVZMGXZSTBQSMVUVKZGYTXQBSTYEHKVEMLQLKQMETVUMQVSULUUVSKKWFFLMTHEHYEKZVSQSIBUTEVCSMETVZ
A=11,B=18;CAVGYJTBUJCHCUAWTHUMNHCZBICUTWTAHMKZNIBCZKSJATSUXIXAIUSZTWUITCWXWWTCAAQPPXUZJSJKSAHTCICGBWZSTYCUSZTH
A=1,B=10;EIFWMDJTUDEHEUIQJHUKVHEXTSEUJQJIHKOXVSTEXOYDIJYUBSBISUYXJQUSJEQBQQJEIICRRBUXDYDOYIHJESEWTQXYJMEUYXJH
A=11,B=16;OMHSKVFNGVOTOGMIFTGYZTOLNUOGFIFMTYWLZUNOLWEVMFEGJUJMUGELFIGUFOIJIIFOMMCBBJGLVEVWEMTFOUOSNILEFKOGELFT
A=23,B=24;MCDGSVTHYVMLMYCITLYKPLMXHQMYTITCLKAXPQHMXAOVCTOYNQNCQYOXTIYQTMINIITMCCEZZNYXVOVAOCLTMQMGHIXOTSMYOXTL
A=9,B=6;YKBAWVNRUVYHYUKINHUQXHYDROYUNINKHQCDXORYDCGVKNGUPOPKOUGDNIUONYIPIINYKKSLLPUDVGVCGKHNYOYARIDGNWYUGDNH
A=23,B=13;RHILXAYMDARQRDHNYQDPUQRCMVRDYNYHQPFCUVMRCFTAHYTDSVSHVDTCYNDVYRNSNNYRHHJEESDCATAFTHQYRVRLMNCTYXRDTCYQ
A=15,B=9;JLQFNCSKRCJEJRLPSERZYEJMKDJRSPSLEZBMYDKJMBTCLSTRODOLDRTMSPRDSJPOPPSJLLVWWORMCTCBTLESJDJFKPMTSNJRTMSE
A=7,B=20;OWDYEZLFUZOHOUWMLHUAJHONFQOULMLWHAINJQFONICZWLCUVQVWQUCNLMUQLOMVMMLOWWKBBVUNZCZICWHLOQOYFMNCLEOUCNLH
A=19,B=14;ASLQKPDJUPAHAUSCDHUOFHABJYAUDCDSHOGBFYJABGMPSDMUTYTSYUMBDCUYDACTCCDASSENNTUBPMPGMSHDAYAQJCBMDKAUMBDH
A=9,B=20;IULKGFXBEFIRIEUSXREAHRINBYIEXSXURAMNHYBINMQFUXQEZYZUYEQNXSEYXISZSSXIUUCVVZENFQFMQURXIYIKBSNQXGIEQNXR
A=21,B=18;GALSUBFDIBGVGIAOFVIKNVGXDYGIFOFAVKEXNYDGXECBAFCIRYRAYICXFOIYFGOROOFGAAWTTRIXBCBECAVFGYGSDOXCFUGICXFV
A=11,B=21;XVQBTEOWPEXCXPVROCPHICXUWDXPOROVCHFUIDWXUFNEVONPSDSVDPNUORPDOXRSRROXVVLKKSPUENEFNVCOXDXBWRUNOTXPNUOC
A=25,B=7;TPSBLUOEDUTQTDPHOQDNCQTAEFTDOHOPQNJACFETAJZUPOZDWFWPFDZAOHDFOTHWHHOTPPVGGWDAUZUJZPQOTFTBEHAZOLTDZAOQ
A=11,B=4;IGBMEPZHAPINIAGCZNASTNIFHOIAZCZGNSQFTOHIFQYPGZYADODGOAYFZCAOZICDCCZIGGWVVDAFPYPQYGNZIOIMHCFYZEIAYFZN
A=9,B=23;ZLCBXWOSVWZIZVLJOIVRYIZESPZVOJOLIRDEYPSZEDHWLOHVQPQLPVHEOJVPOZJQJJOZLLTMMQVEWHWDHLIOZPZBSJEHOXZVHEOI
A=25,B=18;EADMWFZPOFEBEOASZBOYNBELPQEOZSZABYULNQPELUKFAZKOHQHAQOKLZSOQZESHSSZEAAGRRHOLFKFUKABZEQEMPSLKZWEOKLZB
A=15,B=0;UWBQYNDVCNUPUCWADPCKJPUXVOUCDADWPKMXJOVUXMENWDECZOZWOCEXDACODUAZAADUWWGHHZCXNENMEWPDUOUQVAXEDYUCEXDP
A=5,B=23;TZOHFYUWRYTETRZLUERPMETCWBTRULUZEPVCMBWTCVXYZUXRIBIZBRXCULRBUTLILLUTZZDGGIRCYXYVXZEUTBTHWLCXUFTRXCUE
A=5,B=17;PVKDBUQSNUPAPNVHQANLIAPYSXPNQHQVALRYIXSPYRTUVQTNEXEVXNTYQHNXQPHEHHQPVVZCCENYUTURTVAQPXPDSHYTQBPNTYQA
A=3,B=18;QAZWKHJVEHQRQEAUJRESNRQFVMQEJUJARSCFNMVQFCOHAJOEPMPAMEOFJUEMJQUPUUJQAAYDDPEFHOHCOARJQMQWVUFOJKQEOFJR
A=9,B=22;COFEAZRVYZCLCYOMRLYUBLCHVSCYRMROLUGHBSVCHGKZORKYTSTOSYKHRMYSRCMTMMRCOOWPPTYHZKZGKOLRCSCEVMHKRACYKHRL
A=21,B=17;LFQXZGKINGLALNFTKANPSALCIDLNKTKFAPJCSDILCJHGFKHNWDWFDNHCKTNDKLTWTTKLFFBYYWNCGHGJHFAKLDLXITCHKZLNHCKA
A=21,B=2;ICNUWDHFKDIXIKCQHXKMPXIZFAIKHQHCXMGZPAFIZGEDCHEKTATCAKEZHQKAHIQTQQHICCYVVTKZDEDGECXHIAIUFQZEHWIKEZHX
A=25,B=4;QMPYIRLBARQNQAMELNAKZNQXBCQALELMNKGXZCBQXGWRMLWATCTMCAWXLEACLQETEELQMMSDDTAXRWRGWMNLQCQYBEXWLIQAWXLN
A=23,B=20;CSTWILJXOLCBCOSYJBOAFBCNXGCOJYJSBAQNFGXCNQELSJEODGDSGOENJYOGJCYDYYJCSSUPPDONLELQESBJCGCWXYNEJICOENJB
A=21,B=6;OITACJNLQJODOQIWNDQSVDOFLGOQNWNIDSMFVGLOFMKJINKQZGZIGQKFNWQGNOWZWWNOIIEBBZQFJKJMKIDNOGOALWFKNCOQKFND
A=21,B=21;RLWDFMQOTMRGRTLZQGTVYGRIOJRTQZQLGVPIYJORIPNMLQNTCJCLJTNIQZTJQRZCZZQRLLHEECTIMNMPNLGQRJRDOZINQFRTNIQG
A=21,B=8;EYJQSZDBGZETEGYMDTGILTEVBWEGDMDYTICVLWBEVCAZYDAGPWPYWGAVDMGWDEMPMMDEYYURRPGVZAZCAYTDEWEQBMVADSEGAVDT
A=15,B=17;FHMBJYOGNYFAFNHLOANVUAFIGZFNOLOHAVXIUZGFIXPYHOPNKZKHZNPIOLNZOFLKLLOFHHRSSKNIYPYXPHAOFZFBGLIPOJFNPIOA
A=17,B=19;PDMNRSAWTSPGPTDFAGTXQGPKWZPTAFADGXLKQZWPKLHSDAHTYZYDZTHKAFTZAPFYFFAPDDVCCYTKSHSLHDGAPZPNWFKHARPTHKAG
A=19,B=3;RJCHBGUALGRYRLJTUYLFWYRSAPRLUTUJYFXSWPARSXDGJUDLKPKJPLDSUTLPURTKTTURJJVEEKLSGDGXDJYURPRHATSDUBRLDSUY
A=21,B=13;FZKRTAECHAFUFHZNEUHJMUFWCXFHENEZUJDWMXCFWDBAZEBHQXQZXHBWENHXEFNQNNEFZZVSSQHWABADBZUEFXFRCNWBETFHBWEU
A=3,B=13;JTSPDACOXAJKJXTNCKXLGKJYOFJXCNCTKLVYGFOJYVHATCHXIFITFXHYCNXFCJNINNCJTTRWWIXYAHAVHTKCJFJPONYHCDJXHYCK
A=11,B=3;BZUFXISATIBGBTZVSGTLMGBYAHBTSVSZGLJYMHABYJRIZSRTWHWZHTRYSVTHSBVWVVSBZZPOOWTYIRIJRZGSBHBFAVYRSXBTRYSG
A=3,B=5;DNMJXUWIRUDEDRNHWERFAEDSIZDRWHWNEFPSAZIDSPBUNWBRCZCNZRBSWHRZWDHCHHWDNNLQQCRSUBUPBNEWDZDJIHSBWXDRBSWE
A=7,B=19;DLSNTOAUJODWDJLBAWJPYWDCUFDJABALWPXCYFUDCXROLARJKFKLFJRCABJFADBKBBADLLZQQKJCOROXRLWADFDNUBCRATDJRCAW
A=23,B=12;IYZCORPDURIHIUYEPHUGLHITDMIUPEPYHGWTLMDITWKRYPKUJMJYMUKTPEUMPIEJEEPIYYAVVJUTRKRWKYHPIMICDETKPOIUKTPH
A=7,B=11;TBIDJEQKZETMTZBRQMZFOMTSKVTZQRQBMFNSOVKTSNHEBQHZAVABVZHSQRZVQTRARRQTBBPGGAZSEHENHBMQTVTDKRSHQJTZHSQM
A=5,B=12;QWLECVRTOVQBQOWIRBOMJBQZTYQORIRWBMSZJYTQZSUVWRUOFYFWYOUZRIOYRQIFIIRQWWADDFOZVUVSUWBRQYQETIZURCQOUZRB
A=1,B=14;AEBSIZFPQZADAQEMFDQGRDATPOAQFMFEDGKTROPATKUZEFUQXOXEOQUTFMQOFAMXMMFAEEYNNXQTZUZKUEDFAOASPMTUFIAQUTFD
A=23,B=7;PFGJVYWKBYPOPBFLWOBNSOPAKTPBWLWFONDASTKPADRYFWRBQTQFTBRAWLBTWPLQLLWPFFHCCQBAYRYDRFOWPTPJKLARWVPBRAWO
A=23,B=17;BRSVHKIWNKBABNRXIANZEABMWFBNIXIRAZPMEFWBMPDKRIDNCFCRFNDMIXNFIBXCXXIBRRTOOCNMKDKPDRAIBFBVWXMDIHBNDMIA
A=9,B=13;DPGFBASWZADMDZPNSMZVCMDIWTDZSNSPMVHICTWDIHLAPSLZUTUPTZLISNZTSDNUNNSDPPXQQUZIALAHLPMSDTDFWNILSBDZLISM
A=3,B=24;OYXUIFHTCFOPOCYSHPCQLPODTKOCHSHYPQADLKTODAMFYHMCNKNYKCMDHSCKHOSNSSHOYYWBBNCDFMFAMYPHOKOUTSDMHIOCMDHP
A=23,B=23;DTUXJMKYPMDCDPTZKCPBGCDOYHDPKZKTCBROGHYDORFMTKFPEHETHPFOKZPHKDZEZZKDTTVQQEPOMFMRFTCKDHDXYZOFKJDPFOKC
A=7,B=16;WELGMHTNCHWPWCEUTPCIRPWVNYWCTUTEPIQVRYNWVQKHETKCDYDEYCKVTUCYTWUDUUTWEESJJDCVHKHQKEPTWYWGNUVKTMWCKVTP
A=15,B=1;NPUJRGWOVGNINVPTWIVDCINQOHNVWTWPIDFQCHONQFXGPWXVSHSPHVXQWTVHWNTSTTWNPPZAASVQGXGFXPIWNHNJOTQXWRNVXQWI
A=17,B=2;QENOSTBXUTQHQUEGBHUYRHQLXAQUBGBEHYMLRAXQLMITEBIUZAZEAUILBGUABQGZGGBQEEWDDZULTITMIEHBQAQOXGLIBSQUILBH
A=5,B=6;MSHAYRNPKRMXMKSENXKIFXMVPUMKNENSXIOVFUPMVOQRSNQKBUBSUKQVNEKUNMEBEENMSSWZZBKVRQROQSXNMUMAPEVQNYMKQVNX
A=11,B=15;HFALDOYGZOHMHZFBYMZRSMHEGNHZYBYFMRPESNGHEPXOFYXZCNCFNZXEYBZNYHBCBBYHFFVUUCZEOXOPXFMYHNHLGBEXYDHZXEYM
A=25,B=1;NJMVFOIYXONKNXJBIKXHWKNUYZNXIBIJKHDUWZYNUDTOJITXQZQJZXTUIBXZINBQBBINJJPAAQXUOTODTJKINZNVYBUTIFNXTUIK
A=23,B=14;AQRUGJHVMJAZAMQWHZMYDZALVEAMHWHQZYOLDEVALOCJQHCMBEBQEMCLHWMEHAWBWWHAQQSNNBMLJCJOCQZHAEAUVWLCHGAMCLHZ
A=11,B=14;AYTEWHRZSHAFASYURFSKLFAXZGASRURYFKIXLGZAXIQHYRQSVGVYGSQXRUSGRAUVUURAYYONNVSXHQHIQYFRAGAEZUXQRWASQXRF
A=1,B=20;UYVMCTZJKTUXUKYGZXKALXUNJIUKZGZYXAENLIJUNEOTYZOKRIRYIKONZGKIZUGRGGZUYYSHHRKNTOTEOYXZUIUMJGNOZCUKONZX
A=5,B=14;AGVOMFBDYFALAYGSBLYWTLAJDIAYBSBGLWCJTIDAJCEFGBEYPIPGIYEJBSYIBASPSSBAGGKNNPYJFEFCEGLBAIAODSJEBMAYEJBL
A=3,B=12;SCBYMJLXGJSTSGCWLTGUPTSHXOSGLWLCTUEHPOXSHEQJCLQGRORCOGQHLWGOLSWRWWLSCCAFFRGHJQJEQCTLSOSYXWHQLMSGQHLT
A=7,B=6;QYFAGBNHWBQJQWYONJWCLJQPHSQWNONYJCKPLSHQPKEBYNEWXSXYSWEPNOWSNQOXOONQYYMDDXWPBEBKEYJNQSQAHOPENGQWEPNJ
A=11,B=8;KIDOGRBJCRKPKCIEBPCUVPKHJQKCBEBIPUSHVQJKHSARIBACFQFIQCAHBECQBKEFEEBKIIYXXFCHRARSAIPBKQKOJEHABGKCAHBP
A=19,B=17;TLEJDIWCNITATNLVWANHYATUCRTNWVWLAHZUYRCTUZFILWFNMRMLRNFUWVNRWTVMVVWTLLXGGMNUIFIZFLAWTRTJCVUFWDTNFUWA
A=3,B=19;HRQNBYAMVYHIHVRLAIVJEIHWMDHVALARIJTWEDMHWTFYRAFVGDGRDVFWALVDAHLGLLAHRRPUUGVWYFYTFRIAHDHNMLWFABHVFWAI
A=21,B=11;PJUBDKOMRKPEPRJXOERTWEPGMHPROXOJETNGWHMPGNLKJOLRAHAJHRLGOXRHOPXAXXOPJJFCCARGKLKNLJEOPHPBMXGLODPRLGOE
A=1,B=25;PTQHXOUEFOPSPFTBUSFVGSPIEDPFUBUTSVZIGDEPIZJOTUJFMDMTDFJIUBFDUPBMBBUPTTNCCMFIOJOZJTSUPDPHEBIJUXPFJIUS
A=15,B=10;CEJYGVLDKVCXCKEILXKSRXCFDWCKLILEXSUFRWDCFUMVELMKHWHEWKMFLIKWLCIHIILCEEOPPHKFVMVUMEXLCWCYDIFMLGCKMFLX
A=1,B=19;VZWNDUAKLUVYVLZHAYLBMYVOKJVLAHAZYBFOMJKVOFPUZAPLSJSZJLPOAHLJAVHSHHAVZZTIISLOUPUFPZYAVJVNKHOPADVLPOAY
A=19,B=18;IATYSXLRCXIPICAKLPCWNPIJRGICLKLAPWOJNGRIJOUXALUCBGBAGCUJLKCGLIKBKKLIAAMVVBCJXUXOUAPLIGIYRKJULSICUJLP
A=3,B=20;YIHESPRDMPYZYMICRZMAVZYNDUYMRCRIZAKNVUDYNKWPIRWMXUXIUMWNRCMURYCXCCRYIIGLLXMNPWPKWIZRYUYEDCNWRSYMWNRZ
A=19,B=20;MEXCWBPVGBMTMGEOPTGARTMNVKMGPOPETASNRKVMNSYBEPYGFKFEKGYNPOGKPMOFOOPMEEQZZFGNBYBSYETPMKMCVONYPWMGYNPT
A=17,B=0;KYHIMNVRONKBKOYAVBOSLBKFRUKOVAVYBSGFLURKFGCNYVCOTUTYUOCFVAOUVKATAAVKYYQXXTOFNCNGCYBVKUKIRAFCVMKOCFVB
A=5,B=5;HNCVTMIKFMHSHFNZISFDASHQKPHFIZINSDJQAPKHQJLMNILFWPWNPFLQIZFPIHZWZZIHNNRUUWFQMLMJLNSIHPHVKZQLITHFLQIS
A=1,B=22;SWTKARXHIRSVSIWEXVIYJVSLHGSIXEXWVYCLJGHSLCMRWXMIPGPWGIMLXEIGXSEPEEXSWWQFFPILRMRCMWVXSGSKHELMXASIMLXV
A=3,B=16;ISROCZBNWZIJIWSMBJWKFJIXNEIWBMBSJKUXFENIXUGZSBGWHEHSEWGXBMWEBIMHMMBISSQVVHWXZGZUGSJBIEIONMXGBCIWGXBJ
A=5,B=2;SYNGEXTVQXSDSQYKTDQOLDSBVASQTKTYDOUBLAVSBUWXYTWQHAHYAQWBTKQATSKHKKTSYYCFFHQBXWXUWYDTSASGVKBWTESQWBTD
A=3,B=17;ZJIFTQSENQZAZNJDSANBWAZOEVZNSDSJABLOWVEZOLXQJSXNYVYJVNXOSDNVSZDYDDSZJJHMMYNOQXQLXJASZVZFEDOXSTZNXOSA
A=21,B=24;CWHOQXBZEXCRCEWKBREGJRCTZUCEBKBWRGATJUZCTAYXWBYENUNWUEYTBKEUBCKNKKBCWWSPPNETXYXAYWRBCUCOZKTYBQCEYTBR
A=19,B=7;ZRKPJOCITOZGZTRBCGTNEGZAIXZTCBCRGNFAEXIZAFLORCLTSXSRXTLACBTXCZBSBBCZRRDMMSTAOLOFLRGCZXZPIBALCJZTLACG
A=19,B=8;OGZEYDRXIDOVOIGQRVICTVOPXMOIRQRGVCUPTMXOPUADGRAIHMHGMIAPRQIMROQHQQROGGSBBHIPDADUAGVROMOEXQPARYOIAPRV
A=21,B=7;JDOVXEIGLEJYJLDRIYLNQYJAGBJLIRIDYNHAQBGJAHFEDIFLUBUDBLFAIRLBIJRURRIJDDZWWULAEFEHFDYIJBJVGRAFIXJLFAIY
A=17,B=20;SGPQUVDZWVSJSWGIDJWATJSNZCSWDIDGJAONTCZSNOKVGDKWBCBGCWKNDIWCDSIBIIDSGGYFFBWNVKVOKGJDSCSQZINKDUSWKNDJ
A=25,B=5;RNQZJSMCBSRORBNFMOBLAORYCDRBMFMNOLHYADCRYHXSNMXBUDUNDBXYMFBDMRFUFFMRNNTEEUBYSXSHXNOMRDRZCFYXMJRBXYMO
A=25,B=24;KGJSCLFVULKHKUGYFHUETHKRVWKUFYFGHEARTWVKRAQLGFQUNWNGWUQRFYUWFKYNYYFKGGMXXNURLQLAQGHFKWKSVYRQFCKUQRFH
A=23,B=4;OEFIUXVJAXONOAEKVNAMRNOZJSOAVKVENMCZRSJOZCQXEVQAPSPESAQZVKASVOKPKKVOEEGBBPAZXQXCQENVOSOIJKZQVUOAQZVN
A=25,B=17;DZCLVEYONEDADNZRYANXMADKOPDNYRYZAXTKMPODKTJEZYJNGPGZPNJKYRNPYDRGRRYDZZFQQGNKEJETJZAYDPDLORKJYVDNJKYA
A=7,B=12;EMTOUPBVKPEXEKMCBXKQZXEDVGEKBCBMXQYDZGVEDYSPMBSKLGLMGKSDBCKGBECLCCBEMMARRLKDPSPYSMXBEGEOVCDSBUEKSDBX
A=15,B=6;EGLAIXNFMXEZEMGKNZMUTZEHFYEMNKNGZUWHTYFEHWOXGNOMJYJGYMOHNKMYNEKJKKNEGGQRRJMHXOXWOGZNEYEAFKHONIEMOHNZ
A=15,B=12;OQVKSHXPWHOJOWQUXJWEDJORPIOWXUXQJEGRDIPORGYHQXYWTITQIWYRXUWIXOUTUUXOQQABBTWRHYHGYQJXOIOKPURYXSOWYRXJ
A=15,B=4;SUZOWLBTALSNSAUYBNAIHNSVTMSABYBUNIKVHMTSVKCLUBCAXMXUMACVBYAMBSYXYYBSUUEFFXAVLCLKCUNBSMSOTYVCBWSACVBN
A=1,B=13;BFCTJAGQRABEBRFNGERHSEBUQPBRGNGFEHLUSPQBULVAFGVRYPYFPRVUGNRPGBNYNNGBFFZOOYRUAVALVFEGBPBTQNUVGJBRVUGE
A=5,B=22;OUJCATPRMTOZOMUGPZMKHZOXRWOMPGPUZKQXHWROXQSTUPSMDWDUWMSXPGMWPOGDGGPOUUYBBDMXTSTQSUZPOWOCRGXSPAOMSXPZ
A=7,B=18;SAHCIDPJYDSLSYAQPLYENLSRJUSYPQPALEMRNUJSRMGDAPGYZUZAUYGRPQYUPSQZQQPSAAOFFZYRDGDMGALPSUSCJQRGPISYGRPL
A=5,B=11;LRGZXQMOJQLWLJRDMWJHEWLUOTLJMDMRWHNUETOLUNPQRMPJATARTJPUMDJTMLDADDMLRRVYYAJUQPQNPRWMLTLZODUPMXLJPUMW
A=17,B=1;NBKLPQYURQNENRBDYERVOENIUXNRYDYBEVJIOXUNIJFQBYFRWXWBXRFIYDRXYNDWDDYNBBTAAWRIQFQJFBEYNXNLUDIFYPNRFIYE
A=1,B=4;KOLCSJPZAJKNKAOWPNAQBNKDZYKAPWPONQUDBYZKDUEJOPEAHYHOYAEDPWAYPKWHWWPKOOIXXHADJEJUEONPKYKCZWDEPSKAEDPN
A=15,B=2;GINCKZPHOZGBGOIMPBOWVBGJHAGOPMPIBWYJVAHGJYQZIPQOLALIAOQJPMOAPGMLMMPGIISTTLOJZQZYQIBPGAGCHMJQPKGOQJPB
A=23,B=18;KABEQTRFWTKJKWAGRJWINJKVFOKWRGRAJIYVNOFKVYMTARMWLOLAOWMVRGWORKGLGGRKAACXXLWVTMTYMAJRKOKEFGVMRQKWMVRJ
A=17,B=18;MAJKOPXTQPMDMQACXDQUNDMHTWMQXCXADUIHNWTMHIEPAXEQVWVAWQEHXCQWXMCVCCXMAASZZVQHPEPIEADXMWMKTCHEXOMQEHXD
A=23,B=9;HXYBNQOCTQHGHTXDOGTFKGHSCLHTODOXGFVSKLCHSVJQXOJTILIXLTJSODTLOHDIDDOHXXZUUITSQJQVJXGOHLHBCDSJONHTJSOG
A=17,B=4;WKTUYZHDAZWNWAKMHNAEXNWRDGWAHMHKNESRXGDWRSOZKHOAFGFKGAORHMAGHWMFMMHWKKCJJFARZOZSOKNHWGWUDMROHYWAORHN
A=21,B=22;MGRYAHLJOHMBMOGULBOQTBMDJEMOLULGBQKDTEJMDKIHGLIOXEXGEOIDLUOELMUXUULMGGCZZXODHIHKIGBLMEMYJUDILAMOIDLB
A=5,B=15;FLATRKGIDKFQFDLXGQDBYQFOINFDGXGLQBHOYNIFOHJKLGJDUNULNDJOGXDNGFXUXXGFLLPSSUDOKJKHJLQGFNFTIXOJGRFDJOGQ
A=19,B=22;QIBGAFTZKFQXQKISTXKEVXQRZOQKTSTIXEWRVOZQRWCFITCKJOJIOKCRTSKOTQSJSSTQIIUDDJKRFCFWCIXTQOQGZSRCTAQKCRTX
A=5,B=0;IODWUNJLGNITIGOAJTGEBTIRLQIGJAJOTEKRBQLIRKMNOJMGXQXOQGMRJAGQJIAXAAJIOOSVVXGRNMNKMOTJIQIWLARMJUIGMRJT
A=15,B=16;MOTIQFVNUFMHMUOSVHUCBHMPNGMUVSVOHCEPBGNMPEWFOVWURGROGUWPVSUGVMSRSSVMOOYZZRUPFWFEWOHVMGMINSPWVQMUWPVH
A=7,B=14;AIPKQLXRGLATAGIYXTGMVTAZRCAGXYXITMUZVCRAZUOLIXOGHCHICGOZXYGCXAYHYYXAIIWNNHGZLOLUOITXACAKRYZOXQAGOZXT
A=1,B=5;JNKBRIOYZIJMJZNVOMZPAMJCYXJZOVONMPTCAXYJCTDINODZGXGNXZDCOVZXOJVGVVOJNNHWWGZCIDITDNMOJXJBYVCDORJZDCOM
A=15,B=19;RTYNVKASZKRMRZTXAMZHGMRUSLRZAXATMHJUGLSRUJBKTABZWLWTLZBUAXZLARXWXXARTTDEEWZUKBKJBTMARLRNSXUBAVRZBUAM
A=19,B=15;PHAFZESYJEPWPJHRSWJDUWPQYNPJSRSHWDVQUNYPQVBEHSBJINIHNJBQSRJNSPRIRRSPHHTCCIJQEBEVBHWSPNPFYRQBSZPJBQSW
A=1,B=7;HLIZPGMWXGHKHXLTMKXNYKHAWVHXMTMLKNRAYVWHARBGLMBXEVELVXBAMTXVMHTETTMHLLFUUEXAGBGRBLKMHVHZWTABMPHXBAMK
A=7,B=8;MUBWCXJDSXMFMSUKJFSYHFMLDOMSJKJUFYGLHODMLGAXUJASTOTUOSALJKSOJMKTKKJMUUIZZTSLXAXGAUFJMOMWDKLAJCMSALJF
A=25,B=12;YUXGQZTJIZYVYIUMTVISHVYFJKYITMTUVSOFHKJYFOEZUTEIBKBUKIEFTMIKTYMBMMTYUUALLBIFZEZOEUVTYKYGJMFETQYIEFTV
A=23,B=1;NDEHTWUIZWNMNZDJUMZLQMNYIRNZUJUDMLBYQRINYBPWDUPZORODRZPYUJZRUNJOJJUNDDFAAOZYWPWBPDMUNRNHIJYPUTNZPYUM
A=3,B=25;FPOLZWYKTWFGFTPJYGTHCGFUKBFTYJYPGHRUCBKFURDWPYDTEBEPBTDUYJTBYFJEJJYFPPNSSETUWDWRDPGYFBFLKJUDYZFTDUYG
A=19,B=5;VNGLFKYEPKVCVPNXYCPJACVWETVPYXYNCJBWATEVWBHKNYHPOTONTPHWYXPTYVXOXXYVNNZIIOPWKHKBHNCYVTVLEXWHYFVPHWYC
A=7,B=25;RZGBHCOIXCRKRXZPOKXDMKRQITRXOPOZKDLQMTIRQLFCZOFXYTYZTXFQOPXTORPYPPORZZNEEYXQCFCLFZKORTRBIPQFOHRXFQOK
A=1,B=16;YCZQGXDNOXYBYOCKDBOEPBYRNMYODKDCBEIRPMNYRISXCDSOVMVCMOSRDKOMDYKVKKDYCCWLLVORXSXISCBDYMYQNKRSDGYOSRDB
A=9,B=11;JVMLHGYCFGJSJFVTYSFBISJOCZJFYTYVSBNOIZCJONRGVYRFAZAVZFROYTFZYJTATTYJVVDWWAFOGRGNRVSYJZJLCTORYHJFROYS
A=7,B=5;FNUPVQCWLQFYFLNDCYLRAYFEWHFLCDCNYRZEAHWFEZTQNCTLMHMNHLTECDLHCFDMDDCFNNBSSMLEQTQZTNYCFHFPWDETCVFLTECY
A=19,B=4;GYRWQVJPAVGNGAYIJNAULNGHPEGAJIJYNUMHLEPGHMSVYJSAZEZYEASHJIAEJGIZIIJGYYKTTZAHVSVMSYNJGEGWPIHSJQGASHJN
A=15,B=15;TVAPXMCUBMTOTBVZCOBJIOTWUNTBCZCVOJLWINUTWLDMVCDBYNYVNBDWCZBNCTZYZZCTVVFGGYBWMDMLDVOCTNTPUZWDCXTBDWCO
A=7,B=1;NVCXDYKETYNGNTVLKGTZIGNMEPNTKLKVGZHMIPENMHBYVKBTUPUVPTBMKLTPKNLULLKNVVJAAUTMYBYHBVGKNPNXELMBKDNTBMKG
A=21,B=14;AUFMOVZXCVAPACUIZPCEHPARXSACZIZUPEYRHSXARYWVUZWCLSLUSCWRZICSZAILIIZAUUQNNLCRVWVYWUPZASAMXIRWZOACWRZP
A=1,B=1;NROFVMSCDMNQNDRZSQDTEQNGCBNDSZSRQTXGEBCNGXHMRSHDKBKRBDHGSZDBSNZKZZSNRRLAAKDGMHMXHRQSNBNFCZGHSVNDHGSQ
A=17,B=23;BPYZDEMIFEBSBFPRMSFJCSBWILBFMRMPSJXWCLIBWXTEPMTFKLKPLFTWMRFLMBRKRRMBPPHOOKFWETEXTPSMBLBZIRWTMDBFTWMS
A=3,B=7;LVURFCEQZCLMLZVPEMZNIMLAQHLZEPEVMNXAIHQLAXJCVEJZKHKVHZJAEPZHELPKPPELVVTYYKZACJCXJVMELHLRQPAJEFLZJAEM
A=11,B=17;VTOZRCMUNCVAVNTPMANFGAVSUBVNMPMTAFDSGBUVSDLCTMLNQBQTBNLSMPNBMVPQPPMVTTJIIQNSCLCDLTAMVBVZUPSLMRVNLSMA
A=15,B=25;BDIXFUKCJUBWBJDHKWJRQWBECVBJKHKDWRTEQVCBETLUDKLJGVGDVJLEKHJVKBHGHHKBDDNOOGJEULUTLDWKBVBXCHELKFBJLEKW
A=11,B=13;TRMXPAKSLATYTLRNKYLDEYTQSZTLKNKRYDBQEZSTQBJARKJLOZORZLJQKNLZKTNONNKTRRHGGOLQAJABJRYKTZTXSNQJKPTLJQKY
A=11,B=9;RPKVNYIQJYRWRJPLIWJBCWROQXRJILIPWBZOCXQROZHYPIHJMXMPXJHOILJXIRLMLLIRPPFEEMJOYHYZHPWIRXRVQLOHINRJHOIW
A=19,B=11;HZSXRWKQBWHOHBZJKOBVMOHIQFHBKJKZOVNIMFQHINTWZKTBAFAZFBTIKJBFKHJAJJKHZZLUUABIWTWNTZOKHFHXQJITKRHBTIKO
A=11,B=0;GEZKCNXFYNGLGYEAXLYQRLGDFMGYXAXELQODRMFGDOWNEXWYBMBEMYWDXAYMXGABAAXGEEUTTBYDNWNOWELXGMGKFADWXCGYWDXL
A=19,B=0;YQJOINBHSNYFYSQABFSMDFYZHWYSBABQFMEZDWHYZEKNQBKSRWRQWSKZBASWBYARAABYQQCLLRSZNKNEKQFBYWYOHAZKBIYSKZBF
A=5,B=13;VBQJHAWYTAVGVTBNWGTROGVEYDVTWNWBGRXEODYVEXZABWZTKDKBDTZEWNTDWVNKNNWVBBFIIKTEAZAXZBGWVDVJYNEZWHVTZEWG
A=5,B=8;WCRKIBXZUBWHWUCOXHUSPHWFZEWUXOXCHSYFPEZWFYABCXAULELCEUAFXOUEXWOLOOXWCCGJJLUFBABYACHXWEWKZOFAXIWUAFXH
A=5,B=16;KQFYWPLNIPKVKIQCLVIGDVKTNSKILCLQVGMTDSNKTMOPQLOIZSZQSIOTLCISLKCZCCLKQQUXXZITPOPMOQVLKSKYNCTOLWKIOTLV
A=3,B=8;CMLIWTVHQTCDCQMGVDQEZDCRHYCQVGVMDEORZYHCROATMVAQBYBMYQARVGQYVCGBGGVCMMKPPBQRTATOAMDVCYCIHGRAVWCQARVD
A=25,B=10;WSVEOXRHGXWTWGSKRTGQFTWDHIWGRKRSTQMDFIHWDMCXSRCGZIZSIGCDRKGIRWKZKKRWSSYJJZGDXCXMCSTRWIWEHKDCROWGCDRT
A=17,B=11;RFOPTUCYVURIRVFHCIVZSIRMYBRVCHCFIZNMSBYRMNJUFCJVABAFBVJMCHVBCRHAHHCRFFXEEAVMUJUNJFICRBRPYHMJCTRVJMCI
A=7,B=2;YGNIOJVPEJYRYEGWVREKTRYXPAYEVWVGRKSXTAPYXSMJGVMEFAFGAEMXVWEAVYWFWWVYGGULLFEXJMJSMGRVYAYIPWXMVOYEMXVR
A=25,B=8;UQTCMVPFEVURUEQIPREODRUBFGUEPIPQROKBDGFUBKAVQPAEXGXQGEABPIEGPUIXIIPUQQWHHXEBVAVKAQRPUGUCFIBAPMUEABPR
A=25,B=15;BXAJTCWMLCBYBLXPWYLVKYBIMNBLWPWXYVRIKNMBIRHCXWHLENEXNLHIWPLNWBPEPPWBXXDOOELICHCRHXYWBNBJMPIHWTBLHIWY
A=11,B=10;YWRCUFPXQFYDYQWSPDQIJDYVXEYQPSPWDIGVJEXYVGOFWPOQTETWEQOVPSQEPYSTSSPYWWMLLTQVFOFGOWDPYEYCXSVOPUYQOVPD
A=11,B=23;LJEPHSCKDSLQLDJFCQDVWQLIKRLDCFCJQVTIWRKLITBSJCBDGRGJRDBICFDRCLFGFFCLJJZYYGDISBSTBJQCLRLPKFIBCHLDBICQ
A=9,B=9;PBSRNMEILMPYPLBZEYLHOYPUIFPLEZEBYHTUOFIPUTXMBEXLGFGBFLXUEZLFEPZGZZEPBBJCCGLUMXMTXBYEPFPRIZUXENPLXUEY
A=7,B=10;IQXSYTFZOTIBIOQGFBOUDBIHZKIOFGFQBUCHDKZIHCWTQFWOPKPQKOWHFGOKFIGPGGFIQQEVVPOHTWTCWQBFIKISZGHWFYIOWHFB
A=9,B=3;HTKJFEWADEHQHDTRWQDZGQHMAXHDWRWTQZLMGXAHMLPETWPDYXYTXDPMWRDXWHRYRRWHTTBUUYDMEPELPTQWHXHJARMPWFHDPMWQ
A=15,B=11;VXCRZOEWDOVQVDXBEQDLKQVYWPVDEBEXQLNYKPWVYNFOXEFDAPAXPDFYEBDPEVBABBEVXXHIIADYOFONFXQEVPVRWBYFEZVDFYEQ
A=7,B=0;CKRMSNZTINCVCIKAZVIOXVCBTECIZAZKVOWBXETCBWQNKZQIJEJKEIQBZAIEZCAJAAZCKKYPPJIBNQNWQKVZCECMTABQZSCIQBZV
A=15,B=14;ACHWETJBITAVAICGJVIQPVADBUAIJGJCVQSDPUBADSKTCJKIFUFCUIKDJGIUJAGFGGJACCMNNFIDTKTSKCVJAUAWBGDKJEAIKDJV
A=11,B=7;DBWHZKUCVKDIDVBXUIVNOIDACJDVUXUBINLAOJCDALTKBUTVYJYBJVTAUXVJUDXYXXUDBBRQQYVAKTKLTBIUDJDHCXATUZDVTAUI
A=11,B=22;ECXIALVDWLEJEWCYVJWOPJEBDKEWVYVCJOMBPKDEBMULCVUWZKZCKWUBVYWKVEYZYYVECCSRRZWBLULMUCJVEKEIDYBUVAEWUBVJ
A=11,B=19;JHCNFQAIBQJOJBHDAOBTUOJGIPJBADAHOTRGUPIJGRZQHAZBEPEHPBZGADBPAJDEDDAJHHXWWEBGQZQRZHOAJPJNIDGZAFJBZGAO
A=9,B=25;TFWVRQIMPQTCTPFDICPLSCTYMJTPIDIFCLXYSJMTYXBQFIBPKJKFJPBYIDPJITDKDDITFFNGGKPYQBQXBFCITJTVMDYBIRTPBYIC
A=21,B=25;XRCJLSWUZSXMXZRFWMZBEMXOUPXZWFWRMBVOEPUXOVTSRWTZIPIRPZTOWFZPWXFIFFWXRRNKKIZOSTSVTRMWXPXJUFOTWLXZTOWM
A=19,B=19;XPINHMAGRMXEXRPZAERLCEXYGVXRAZAPELDYCVGXYDJMPAJRQVQPVRJYAZRVAXZQZZAXPPBKKQRYMJMDJPEAXVXNGZYJAHXRJYAE
A=5,B=10;GMBUSLHJELGRGEMYHRECZRGPJOGEHYHMRCIPZOJGPIKLMHKEVOVMOEKPHYEOHGYVYYHGMMQTTVEPLKLIKMRHGOGUJYPKHSGEKPHR
A=23,B=2;WMNQCFDRIFWVWIMSDVIUZVWHRAWIDSDMVUKHZARWHKYFMDYIXAXMAIYHDSIADWSXSSDWMMOJJXIHFYFKYMVDWAWQRSHYDCWIYHDV
A=7,B=23;VDKFLGSMBGVOVBDTSOBHQOVUMXVBSTSDOHPUQXMVUPJGDSJBCXCDXBJUSTBXSVTCTTSVDDRIICBUGJGPJDOSVXVFMTUJSLVBJUSO
A=1,B=24;QURIYPVFGPQTQGUCVTGWHTQJFEQGVCVUTWAJHEFQJAKPUVKGNENUEGKJVCGEVQCNCCVQUUODDNGJPKPAKUTVQEQIFCJKVYQGKJVT
A=23,B=8;YOPSEHFTKHYXYKOUFXKWBXYJTCYKFUFOXWMJBCTYJMAHOFAKZCZOCKAJFUKCFYUZUUFYOOQLLZKJHAHMAOXFYCYSTUJAFEYKAJFX
A=1,B=21;TXULBSYIJSTWTJXFYWJZKWTMIHTJYFYXWZDMKHITMDNSXYNJQHQXHJNMYFJHYTFQFFYTXXRGGQJMSNSDNXWYTHTLIFMNYBTJNMYW
A=1,B=3;LPMDTKQABKLOLBPXQOBRCOLEAZLBQXQPORVECZALEVFKPQFBIZIPZBFEQXBZQLXIXXQLPPJYYIBEKFKVFPOQLZLDAXEFQTLBFEQO
A=11,B=20;QOJUMXHPIXQVQIOKHVIABVQNPWQIHKHOVAYNBWPQNYGXOHGILWLOWIGNHKIWHQKLKKHQOOEDDLINXGXYGOVHQWQUPKNGHMQIGNHV
A=5,B=24;YETMKDZBWDYJYWEQZJWURJYHBGYWZQZEJUAHRGBYHACDEZCWNGNEGWCHZQWGZYQNQQZYEEILLNWHDCDACEJZYGYMBQHCZKYWCHZJ
A=3,B=4;MWVSGDFRADMNMAWQFNAOJNMBRIMAFQFWNOYBJIRMBYKDWFKALILWIAKBFQAIFMQLQQFMWWUZZLABDKDYKWNFMIMSRQBKFGMAKBFN
A=21,B=9;ZTELNUYWBUZOZBTHYOBDGOZQWRZBYHYTODXQGRWZQXVUTYVBKRKTRBVQYHBRYZHKHHYZTTPMMKBQUVUXVTOYZRZLWHQVYNZBVQYO
A=21,B=16;QKVCELPNSLQFQSKYPFSUXFQHNIQSPYPKFUOHXINQHOMLKPMSBIBKISMHPYSIPQYBYYPQKKGDDBSHLMLOMKFPQIQCNYHMPEQSMHPF
A=17,B=17;JXGHLMUQNMJAJNXZUANRKAJEQTJNUZUXARFEKTQJEFBMXUBNSTSXTNBEUZNTUJZSZZUJXXPWWSNEMBMFBXAUJTJHQZEBULJNBEUA
A=21,B=12;KEPWYFJHMFKZKMESJZMORZKBHCKMJSJEZOIBRCHKBIGFEJGMVCVECMGBJSMCJKSVSSJKEEAXXVMBFGFIGEZJKCKWHSBGJYKMGBJZ
A=17,B=12;UIRSWXFBYXULUYIKFLYCVLUPBEUYFKFILCQPVEBUPQMXIFMYDEDIEYMPFKYEFUKDKKFUIIAHHDYPXMXQMILFUEUSBKPMFWUYMPFL
A=9,B=21;FRIHDCUYBCFOFBRPUOBXEOFKYVFBUPUROXJKEVYFKJNCRUNBWVWRVBNKUPBVUFPWPPUFRRZSSWBKCNCJNROUFVFHYPKNUDFBNKUO
A=21,B=1;NHSZBIMKPINCNPHVMCPRUCNEKFNPMVMHCRLEUFKNELJIHMJPYFYHFPJEMVPFMNVYVVMNHHDAAYPEIJILJHCMNFNZKVEJMBNPJEMC
A=1,B=6;IMJAQHNXYHILIYMUNLYOZLIBXWIYNUNMLOSBZWXIBSCHMNCYFWFMWYCBNUYWNIUFUUNIMMGVVFYBHCHSCMLNIWIAXUBCNQIYCBNL
A=9,B=12;GSJIEDVZCDGPGCSQVPCYFPGLZWGCVQVSPYKLFWZGLKODSVOCXWXSWCOLVQCWVGQXQQVGSSATTXCLDODKOSPVGWGIZQLOVEGCOLVP
A=3,B=3;VFEBPMOAJMVWVJFZOWJXSWVKARVJOZOFWXHKSRAVKHTMFOTJURUFRJTKOZJROVZUZZOVFFDIIUJKMTMHTFWOVRVBAZKTOPVJTKOW
A=5,B=7;RXMFDWSUPWRCRPXJSCPNKCRAUZRPSJSXCNTAKZURATVWXSVPGZGXZPVASJPZSRJGJJSRXXBEEGPAWVWTVXCSRZRFUJAVSDRPVASC
A=17,B=22;YMVWABJFCBYPYCMOJPCGZPYTFIYCJOJMPGUTZIFYTUQBMJQCHIHMICQTJOCIJYOHOOJYMMELLHCTBQBUQMPJYIYWFOTQJAYCQTJP
A=19,B=23;FXQVPUIOZUFMFZXHIMZTKMFGODFZIHIXMTLGKDOFGLRUXIRZYDYXDZRGIHZDIFHYHHIFXXJSSYZGURULRXMIFDFVOHGRIPFZRGIM
A=19,B=1;NFYDXCQWHCNUNHFPQUHBSUNOWLNHQPQFUBTOSLWNOTZCFQZHGLGFLHZOQPHLQNPGPPQNFFRAAGHOCZCTZFUQNLNDWPOZQXNHZOQU
A=25,B=16;CYBKUDXNMDCZCMYQXZMWLZCJNOCMXQXYZWSJLONCJSIDYXIMFOFYOMIJXQMOXCQFQQXCYYEPPFMJDIDSIYZXCOCKNQJIXUCMIJXZ
A=21,B=4;YSDKMTXVATYNYASGXNACFNYPVQYAXGXSNCWPFQVYPWUTSXUAJQJSQAUPXGAQXYGJGGXYSSOLLJAPTUTWUSNXYQYKVGPUXMYAUPXN
A=21,B=10;UOZGIPTRWPUJUWOCTJWYBJULRMUWTCTOJYSLBMRULSQPOTQWFMFOMWQLTCWMTUCFCCTUOOKHHFWLPQPSQOJTUMUGRCLQTIUWQLTJ
A=7,B=9;XFMHNIUODIXQXDFVUQDJSQXWOZXDUVUFQJRWSZOXWRLIFULDEZEFZDLWUVDZUXVEVVUXFFTKKEDWILIRLFQUXZXHOVWLUNXDLWUQ
A=3,B=0;WGFCQNPBKNWXWKGAPXKYTXWLBSWKPAPGXYILTSBWLIUNGPUKVSVGSKULPAKSPWAVAAPWGGEJJVKLNUNIUGXPWSWCBALUPQWKULPX
A=7,B=7;BJQLRMYSHMBUBHJZYUHNWUBASDBHYZYJUNVAWDSBAVPMJYPHIDIJDHPAYZHDYBZIZZYBJJXOOIHAMPMVPJUYBDBLSZAPYRBHPAYU
A=17,B=10;OCLMQRZVSROFOSCEZFSWPFOJVYOSZEZCFWKJPYVOJKGRCZGSXYXCYSGJZESYZOEXEEZOCCUBBXSJRGRKGCFZOYOMVEJGZQOSGJZF
A=7,B=3;JRYTZUGAPUJCJPRHGCPVECJIALJPGHGRCVDIELAJIDXURGXPQLQRLPXIGHPLGJHQHHGJRRFWWQPIUXUDXRCGJLJTAHIXGZJPXIGC
A=19,B=9;DVOTNSGMXSDKDXVFGKXRIKDEMBDXGFGVKRJEIBMDEJPSVGPXWBWVBXPEGFXBGDFWFFGDVVHQQWXESPSJPVKGDBDTMFEPGNDXPEGK
A=15,B=8;QSXMUJZRYJQLQYSWZLYGFLQTRKQYZWZSLGITFKRQTIAJSZAYVKVSKYATZWYKZQWVWWZQSSCDDVYTJAJIASLZQKQMRWTAZUQYATZL
A=21,B=19;BVGNPWAYDWBQBDVJAQDFIQBSYTBDAJAVQFZSITYBSZXWVAXDMTMVTDXSAJDTABJMJJABVVROOMDSWXWZXVQABTBNYJSXAPBDXSAQ
A=1,B=2;MQNEULRBCLMPMCQYRPCSDPMFBAMCRYRQPSWFDABMFWGLQRGCJAJQACGFRYCARMYJYYRMQQKZZJCFLGLWGQPRMAMEBYFGRUMCGFRP
A=17,B=6;CQZAEFNJGFCTCGQSNTGKDTCXJMCGNSNQTKYXDMJCXYUFQNUGLMLQMGUXNSGMNCSLSSNCQQIPPLGXFUFYUQTNCMCAJSXUNECGUXNT
A=25,B=14;AWZISBVLKBAXAKWOVXKUJXAHLMAKVOVWXUQHJMLAHQGBWVGKDMDWMKGHVOKMVAODOOVAWWCNNDKHBGBQGWXVAMAILOHGVSAKGHVX
A=3,B=15;RBAXLIKWFIRSRFBVKSFTOSRGWNRFKVKBSTDGONWRGDPIBKPFQNQBNFPGKVFNKRVQVVKRBBZEEQFGIPIDPBSKRNRXWVGPKLRFPGKS
A=17,B=7;FTCDHIQMJIFWFJTVQWJNGWFAMPFJQVQTWNBAGPMFABXITQXJOPOTPJXAQVJPQFVOVVQFTTLSSOJAIXIBXTWQFPFDMVAXQHFJXAQW
A=9,B=10;MYPOKJBFIJMVMIYWBVIELVMRFCMIBWBYVEQRLCFMRQUJYBUIDCDYCIURBWICBMWDWWBMYYGZZDIRJUJQUYVBMCMOFWRUBKMIURBV
A=19,B=24;UMFKEJXDOJUBUOMWXBOIZBUVDSUOXWXMBIAVZSDUVAGJMXGONSNMSOGVXWOSXUWNWWXUMMYHHNOVJGJAGMBXUSUKDWVGXEUOGVXB
A=9,B=14;AMDCYXPTWXAJAWMKPJWSZJAFTQAWPKPMJSEFZQTAFEIXMPIWRQRMQWIFPKWQPAKRKKPAMMUNNRWFXIXEIMJPAQACTKFIPYAWIFPJ
A=1,B=12;CGDUKBHRSBCFCSGOHFSITFCVRQCSHOHGFIMVTQRCVMWBGHWSZQZGQSWVHOSQHCOZOOHCGGAPPZSVBWBMWGFHCQCUROVWHKCSWVHF
A=21,B=3;DXIPRYCAFYDSDFXLCSFHKSDUAVDFCLCXSHBUKVADUBZYXCZFOVOXVFZUCLFVCDLOLLCDXXTQQOFUYZYBZXSCDVDPALUZCRDFZUCS
A=15,B=22;WYDSAPFXEPWRWEYCFREMLRWZXQWEFCFYRMOZLQXWZOGPYFGEBQBYQEGZFCEQFWCBCCFWYYIJJBEZPGPOGYRFWQWSXCZGFAWEGZFR
A=1,B=8;GKHYOFLVWFGJGWKSLJWMXJGZVUGWLSLKJMQZXUVGZQAFKLAWDUDKUWAZLSWULGSDSSLGKKETTDWZFAFQAKJLGUGYVSZALOGWAZLJ
A=5,B=21;JPEXVOKMHOJUJHPBKUHFCUJSMRJHKBKPUFLSCRMJSLNOPKNHYRYPRHNSKBHRKJBYBBKJPPTWWYHSONOLNPUKJRJXMBSNKVJHNSKU
A=1,B=18;WAXOEVBLMVWZWMAIBZMCNZWPLKWMBIBAZCGPNKLWPGQVABQMTKTAKMQPBIMKBWITIIBWAAUJJTMPVQVGQAZBWKWOLIPQBEWMQPBZ
A=25,B=2;OKNWGPJZYPOLOYKCJLYIXLOVZAOYJCJKLIEVXAZOVEUPKJUYRARKAYUVJCYAJOCRCCJOKKQBBRYVPUPEUKLJOAOWZCVUJGOYUVJL
A=23,B=11;ZPQTFIGULIZYZLPVGYLXCYZKUDZLGVGPYXNKCDUZKNBIPGBLADAPDLBKGVLDGZVAVVGZPPRMMALKIBINBPYGZDZTUVKBGFZLBKGY
A=7,B=13;PXEZFAMGVAPIPVXNMIVBKIPOGRPVMNMXIBJOKRGPOJDAXMDVWRWXRVDOMNVRMPNWNNMPXXLCCWVOADAJDXIMPRPZGNODMFPVDOMI
A=23,B=25;VLMPBECQHEVUVHLRCUHTYUVGQZVHCRCLUTJGYZQVGJXELCXHWZWLZHXGCRHZCVRWRRCVLLNIIWHGEXEJXLUCVZVPQRGXCBVHXGCU
A=23,B=10;QGHKWZXLCZQPQCGMXPCOTPQBLUQCXMXGPOEBTULQBESZGXSCRURGUCSBXMCUXQMRMMXQGGIDDRCBZSZESGPXQUQKLMBSXWQCSBXP
A=25,B=25;LHKTDMGWVMLILVHZGIVFUILSWXLVGZGHIFBSUXWLSBRMHGRVOXOHXVRSGZVXGLZOZZGLHHNYYOVSMRMBRHIGLXLTWZSRGDLVRSGI
A=1,B=17;XBYPFWCMNWXAXNBJCANDOAXQMLXNCJCBADHQOLMXQHRWBCRNULUBLNRQCJNLCXJUJJCXBBVKKUNQWRWHRBACXLXPMJQRCFXNRQCA
A=15,B=21;DFKZHWMELWDYDLFJMYLTSYDGEXDLMJMFYTVGSXEDGVNWFMNLIXIFXLNGMJLXMDJIJJMDFFPQQILGWNWVNFYMDXDZEJGNMHDLNGMY
A=7,B=22;KSZUAVHBQVKDKQSIHDQWFDKJBMKQHIHSDWEJFMBKJEYVSHYQRMRSMQYJHIQMHKIRIIHKSSGXXRQJVYVEYSDHKMKUBIJYHAKQYJHD
A=15,B=13;HJODLAQIPAHCHPJNQCPXWCHKIBHPQNQJCXZKWBIHKZRAJQRPMBMJBPRKQNPBQHNMNNQHJJTUUMPKARAZRJCQHBHDINKRQLHPRKQC
A=9,B=2;KWNMIHZDGHKTKGWUZTGCJTKPDAKGZUZWTCOPJADKPOSHWZSGBABWAGSPZUGAZKUBUUZKWWEXXBGPHSHOSWTZKAKMDUPSZIKGSPZT
A=17,B=25;HVEFJKSOLKHYHLVXSYLPIYHCORHLSXSVYPDCIROHCDZKVSZLQRQVRLZCSXLRSHXQXXSHVVNUUQLCKZKDZVYSHRHFOXCZSJHLZCSY
A=17,B=9;LZIJNOWSPOLCLPZBWCPTMCLGSVLPWBWZCTHGMVSLGHDOZWDPUVUZVPDGWBPVWLBUBBWLZZRYYUPGODOHDZCWLVLJSBGDWNLPDGWC
A=11,B=5;PNITLWGOHWPUPHNJGUHZAUPMOVPHGJGNUZXMAVOPMXFWNGFHKVKNVHFMGJHVGPJKJJGPNNDCCKHMWFWXFNUGPVPTOJMFGLPHFMGU
A=3,B=22;GQPMAXZLUXGHGUQKZHUIDHGVLCGUZKZQHISVDCLGVSEXQZEUFCFQCUEVZKUCZGKFKKZGQQOTTFUVXEXSEQHZGCGMLKVEZAGUEVZH
A=1,B=9;FJGXNEKUVEFIFVJRKIVLWIFYUTFVKRKJILPYWTUFYPZEJKZVCTCJTVZYKRVTKFRCRRKFJJDSSCVYEZEPZJIKFTFXURYZKNFVZYKI
A=3,B=10;KUTQEBDPYBKLKYUODLYMHLKZPGKYDODULMWZHGPKZWIBUDIYJGJUGYIZDOYGDKOJOODKUUSXXJYZBIBWIULDKGKQPOZIDEKYIZDL
A=1,B=23;RVSJZQWGHQRURHVDWUHXIURKGFRHWDWVUXBKIFGRKBLQVWLHOFOVFHLKWDHFWRDODDWRVVPEEOHKQLQBLVUWRFRJGDKLWZRHLKWU
A=9,B=5;BNEDZYQUXYBKBXNLQKXTAKBGURBXQLQNKTFGARUBGFJYNQJXSRSNRXJGQLXRQBLSLLQBNNVOOSXGYJYFJNKQBRBDULGJQZBXJGQK
A=15,B=7;XZETBQGYFQXSXFZDGSFNMSXAYRXFGDGZSNPAMRYXAPHQZGHFCRCZRFHAGDFRGXDCDDGXZZJKKCFAQHQPHZSGXRXTYDAHGBXFHAGS
A=17,B=16;GUDEIJRNKJGXGKUWRXKOHXGBNQGKRWRUXOCBHQNGBCYJURYKPQPUQKYBRWKQRGWPWWRGUUMTTPKBJYJCYUXRGQGENWBYRIGKYBRX
A=9,B=0;QCTSONFJMNQZQMCAFZMIPZQVJGQMFAFCZIUVPGJQVUYNCFYMHGHCGMYVFAMGFQAHAAFQCCKDDHMVNYNUYCZFQGQSJAVYFOQMYVFZ
A=25,B=20;GCFOYHBRQHGDGQCUBDQAPDGNRSGQBUBCDAWNPSRGNWMHCBMQJSJCSQMNBUQSBGUJUUBGCCITTJQNHMHWMCDBGSGORUNMBYGQMNBD
A=17,B=5;ZNWXBCKGDCZQZDNPKQDHAQZUGJZDKPKNQHVUAJGZUVRCNKRDIJINJDRUKPDJKZPIPPKZNNFMMIDUCRCVRNQKZJZXGPURKBZDRUKQ
A=9,B=1;NZQPLKCGJKNWNJZXCWJFMWNSGDNJCXCZWFRSMDGNSRVKZCVJEDEZDJVSCXJDCNXEXXCNZZHAAEJSKVKRVZWCNDNPGXSVCLNJVSCW
A=9,B=15;XJAZVUMQTUXGXTJHMGTPWGXCQNXTMHMJGPBCWNQXCBFUJMFTONOJNTFCMHTNMXHOHHMXJJRKKOTCUFUBFJGMXNXZQHCFMVXTFCMG
A=21,B=23;HBMTVCGEJCHWHJBPGWJLOWHYEZHJGPGBWLFYOZEHYFDCBGDJSZSBZJDYGPJZGHPSPPGHBBXUUSJYCDCFDBWGHZHTEPYDGVHJDYGW
A=11,B=11;FDYJBMWEXMFKFXDZWKXPQKFCELFXWZWDKPNCQLEFCNVMDWVXALADLXVCWZXLWFZAZZWFDDTSSAXCMVMNVDKWFLFJEZCVWBFXVCWK
A=25,B=13;ZVYHRAUKJAZWZJVNUWJTIWZGKLZJUNUVWTPGILKZGPFAVUFJCLCVLJFGUNJLUZNCNNUZVVBMMCJGAFAPFVWUZLZHKNGFURZJFGUW
A=5,B=18;UAPIGZVXSZUFUSAMVFSQNFUDXCUSVMVAFQWDNCXUDWYZAVYSJCJACSYDVMSCVUMJMMVUAAEHHJSDZYZWYAFVUCUIXMDYVGUSYDVF
A=5,B=9;BHWPNGCEZGBMBZHTCMZXUMBKEJBZCTCHMXDKUJEBKDFGHCFZQJQHJZFKCTZJCBTQTTCBHHLOOQZKGFGDFHMCBJBPETKFCNBZFKCM
A=21,B=15;VPAHJQUSXQVKVXPDUKXZCKVMSNVXUDUPKZTMCNSVMTRQPURXGNGPNXRMUDXNUVDGDDUVPPLIIGXMQRQTRPKUVNVHSDMRUJVXRMUK
A=25,B=23;JFIRBKEUTKJGJTFXEGTDSGJQUVJTEXEFGDZQSVUJQZPKFEPTMVMFVTPQEXTVEJXMXXEJFFLWWMTQKPKZPFGEJVJRUXQPEBJTPQEG
A=23,B=21;LBCFRUSGXULKLXBHSKXJOKLWGPLXSHSBKJZWOPGLWZNUBSNXMPMBPXNWSHXPSLHMHHSLBBDYYMXWUNUZNBKSLPLFGHWNSRLXNWSK
A=11,B=25;ZXSDVGQYRGZEZRXTQERJKEZWYFZRQTQXEJHWKFYZWHPGXQPRUFUXFRPWQTRFQZTUTTQZXXNMMURWGPGHPXEQZFZDYTWPQVZRPWQE
A=15,B=23;PRWLTIYQXIPKPXRVYKXFEKPSQJPXYVYRKFHSEJQPSHZIRYZXUJURJXZSYVXJYPVUVVYPRRBCCUXSIZIHZRKYPJPLQVSZYTPXZSYK
A=17,B=21;VJSTXYGCZYVMVZJLGMZDWMVQCFVZGLGJMDRQWFCVQRNYJGNZEFEJFZNQGLZFGVLELLGVJJBIIEZQYNYRNJMGVFVTCLQNGXVZNQGM
A=23,B=22;UKLOADBPGDUTUGKQBTGSXTUFPYUGBQBKTSIFXYPUFIWDKBWGVYVKYGWFBQGYBUQVQQBUKKMHHVGFDWDIWKTBUYUOPQFWBAUGWFBT
A=11,B=24;SQLWOZJRKZSXSKQMJXKCDXSPRYSKJMJQXCAPDYRSPAIZQJIKNYNQYKIPJMKYJSMNMMJSQQGFFNKPZIZAIQXJSYSWRMPIJOSKIPJX
A=19,B=12;WOHMGLZFQLWDWQOYZDQKBDWXFUWQZYZODKCXBUFWXCILOZIQPUPOUQIXZYQUZWYPYYZWOOAJJPQXLILCIODZWUWMFYXIZGWQIXZD
A=3,B=11;BLKHVSUGPSBCBPLFUCPDYCBQGXBPUFULCDNQYXGBQNZSLUZPAXALXPZQUFPXUBFAFFUBLLJOOAPQSZSNZLCUBXBHGFQZUVBPZQUC
A=9,B=16;UGXWSRJNQRUDUQGEJDQMTDUZNKUQJEJGDMYZTKNUZYCRGJCQLKLGKQCZJEQKJUELEEJUGGOHHLQZRCRYCGDJUKUWNEZCJSUQCZJD
A=23,B=15;JZADPSQEVSJIJVZFQIVHMIJUENJVQFQZIHXUMNEJUXLSZQLVKNKZNVLUQFVNQJFKFFQJZZBWWKVUSLSXLZIQJNJDEFULQPJVLUQI
A=25,B=9;VRUDNWQGFWVSVFRJQSFPESVCGHVFQJQRSPLCEHGVCLBWRQBFYHYRHFBCQJFHQVJYJJQVRRXIIYFCWBWLBRSQVHVDGJCBQNVFBCQS
A=5,B=3;XDSLJCYAVCXIXVDPYIVTQIXGAFXVYPYDITZGQFAXGZBCDYBVMFMDFVBGYPVFYXPMPPYXDDHKKMVGCBCZBDIYXFXLAPGBYJXVBGYI
A=25,B=3;PLOXHQKAZQPMPZLDKMZJYMPWABPZKDKLMJFWYBAPWFVQLKVZSBSLBZVWKDZBKPDSDDKPLLRCCSZWQVQFVLMKPBPXADWVKHPZVWKM
A=3,B=23;XHGDROQCLOXYXLHBQYLZUYXMCTXLQBQHYZJMUTCXMJVOHQVLWTWHTLVMQBLTQXBWBBQXHHFKKWLMOVOJVHYQXTXDCBMVQRXLVMQY
A=7,B=21;ZHOJPKWQFKZSZFHXWSFLUSZYQBZFWXWHSLTYUBQZYTNKHWNFGBGHBFNYWXFBWZXGXXWZHHVMMGFYKNKTNHSWZBZJQXYNWPZFNYWS
A=19,B=25;JBUZTYMSDYJQJDBLMQDXOQJKSHJDMLMBQXPKOHSJKPVYBMVDCHCBHDVKMLDHMJLCLLMJBBNWWCDKYVYPVBQMJHJZSLKVMTJDVKMQ
